Platform,Result,Source
about.me,Rate Limited,Holehe
adobe.com,Rate Limited,Holehe
amazon.com,Used,Holehe
amocrm.com,Rate Limited,Holehe
atlassian.com,Rate Limited,Holehe
babeshows.co.uk,Rate Limited,Holehe
badeggsonline.com,Rate Limited,Holehe
bios-mods.com,Rate Limited,Holehe
biotechnologyforums.com,Rate Limited,Holehe
bitmoji.com,Rate Limited,Holehe
blablacar.com,Rate Limited,Holehe
blackworldforum.com,Rate Limited,Holehe
forum.blitzortung.org,Rate Limited,Holehe
bluegrassrivals.com,Rate Limited,Holehe
buymeacoffee.com,Rate Limited,Holehe
discussion.cambridge-mt.com,Rate Limited,Holehe
chinaphonearena.com,Rate Limited,Holehe
clashfarmer.com,Rate Limited,Holehe
codecademy.com,Rate Limited,Holehe
forum.codeigniter.com,Rate Limited,Holehe
codepen.io,Rate Limited,Holehe
cpaelites.com,Rate Limited,Holehe
cpahero.com,Rate Limited,Holehe
cracked.to,Rate Limited,Holehe
crevado.com,Rate Limited,Holehe
deliveroo.com,Rate Limited,Holehe
demonforums.net,Rate Limited,Holehe
diigo.com,Rate Limited,Holehe
discord.com,Rate Limited,Holehe
dominos.fr,Rate Limited,Holehe
ebay.com,Rate Limited,Holehe
ello.co,Rate Limited,Holehe
eventbrite.com,Used,Holehe
evernote.com,Rate Limited,Holehe
firefox.com,Used,Holehe
drachenhort.user.stunet.tu-freiberg.de,Rate Limited,Holehe
garmin.com,Rate Limited,Holehe
github.com,Rate Limited,Holehe
google.com,Rate Limited,Holehe
imgur.com,Rate Limited,Holehe
instagram.com,Rate Limited,Holehe
issuu.com,Rate Limited,Holehe
forum.kodi.tv,Rate Limited,Holehe
last.fm,Rate Limited,Holehe
community.mybb.com,Rate Limited,Holehe
myspace.com,Rate Limited,Holehe
nattyornotforum.nattyornot.com,Rate Limited,Holehe
forum.ndemiccreations.com,Rate Limited,Holehe
forums.nextpvr.com,Rate Limited,Holehe
nike.com,Rate Limited,Holehe
nimble.com,Rate Limited,Holehe
nocrm.io,Rate Limited,Holehe
nutshell.com,Rate Limited,Holehe
ok.ru,Rate Limited,Holehe
onlinesequencer.net,Rate Limited,Holehe
patreon.com,Rate Limited,Holehe
pinterest.com,Rate Limited,Holehe
pipedrive.com,Rate Limited,Holehe
quora.com,Rate Limited,Holehe
redtube.com,Rate Limited,Holehe
rocketreach.co,Rate Limited,Holehe
samsung.com,Rate Limited,Holehe
smule.com,Rate Limited,Holehe
snapchat.com,Rate Limited,Holehe
soundcloud.com,Rate Limited,Holehe
spotify.com,Used,Holehe
strava.com,Rate Limited,Holehe
strava.com,Rate Limited,Holehe
teamleader.eu,Rate Limited,Holehe
thecardboard.org,Rate Limited,Holehe
forums.therian-guide.com,Rate Limited,Holehe
thevapingforum.com,Rate Limited,Holehe
tumblr.com,Rate Limited,Holehe
tunefind.com,Rate Limited,Holehe
twitter.com,Used,Holehe
venmo.com,Rate Limited,Holehe
vivino.com,Rate Limited,Holehe
vrbo.com,Rate Limited,Holehe
vsco.co,Rate Limited,Holehe
wordpress.com,Used,Holehe
xing.com,Rate Limited,Holehe
yahoo.com,Rate Limited,Holehe
"Email used, [-] Email not used, [x] Rate limit",Used,Holehe
